order_id,line_no,order_date,customer_id,product_code,quantity,unit_price
O1001,1,2024-01-10,C001,P01,2,10.00
O1001,2,2024-01-10,C001,P02,1,5.50
O1002,1,2024-03-14,C001,P01,1,10.00
O1003,1,2024-03-15,C001,P03,3,7.25
O1004,1,2024-02-20,C002,P02,4,5.50
O1005,1,2024-05-05,C002,P01,1,10.00
O1006,1,2024-01-31,C003,P03,2,7.25
O1007,1,2024-02-01,C003,P01,1,10.00
O1008,1,2024-06-09,C003,P02,2,5.50
O1009,1,2024-06-10,C003,P03,1,7.25
O1010,1,2024-07-01,C004,P01,5,10.00
O1011,1,2024-07-02,C999,P02,1,5.50
O1012,1,2024-08-15,C004,P99,2,3.00
O1013,1,2024-12-31,C001,P02,2,5.50
O1014,1,2024-02-29,C004,P03,1,7.25
