order_id,customer_id,order_date,status,amount,updated_at
1001,C01,2026-08-31,PENDING,120.00,2026-08-31 09:00:00
1002,C02,2026-08-31,shipped,80.50,2026-08-31 10:15:00
1003,C03,2026-08-31, Pending ,45.00,2026-08-31 11:00:00
1004,C01,2026-09-01,pending,200.00,2026-09-01 08:30:00
1005,C04,2026-09-01,Pending,60.00,2026-09-01 09:45:00
1006,C05,2026-09-01,Shipped,999.99,2026-09-01 15:00:00
1007,C06,2026-02-30,pending,30.00,2026-09-01 11:00:00
,C07,2026-09-01,pending,15.00,2026-09-01 12:00:00
1008,C02,2026-09-01,pending,N/A,2026-09-01 12:30:00
